<?xml version="1.0" encoding="UTF-8"?>
<project-private xmlns="http://www.netbeans.org/ns/project-private/1">
    <editor-bookmarks xmlns="http://www.netbeans.org/ns/editor-bookmarks/2" lastBookmarkId="0"/>
    <open-files xmlns="http://www.netbeans.org/ns/projectui-open-files/2">
        <group>
            <file>file:/C:/Users/ASUS/Documents/NetBeansProjects/2110010312/_2110010312/src/FORMS/frameTransaksi.java</file>
            <file>file:/C:/Users/ASUS/Documents/NetBeansProjects/2110010312/_2110010312/src/FORMS/frameUtama.java</file>
            <file>file:/C:/Users/ASUS/Documents/NetBeansProjects/2110010312/_2110010312/src/FORMS/frameProduk.java</file>
            <file>file:/C:/Users/ASUS/Documents/NetBeansProjects/2110010312/_2110010312/src/FORMS/frameBarang.java</file>
        </group>
    </open-files>
</project-private>
