<?xml version="1.0" encoding="UTF-8"?>
<project-private xmlns="http://www.netbeans.org/ns/project-private/1">
    <editor-bookmarks xmlns="http://www.netbeans.org/ns/editor-bookmarks/2" lastBookmarkId="0"/>
    <open-files xmlns="http://www.netbeans.org/ns/projectui-open-files/2">
        <group>
            <file>file:/C:/Users/ASUS/Documents/NetBeansProjects/2110010312/2110010312/src/MAIN/Main.java</file>
            <file>file:/C:/Users/ASUS/Documents/NetBeansProjects/2110010312/2110010312/src/CLASS/Keranjang.java</file>
            <file>file:/C:/Users/ASUS/Documents/NetBeansProjects/2110010312/2110010312/src/CLASS/Pembukuan.java</file>
            <file>file:/C:/Users/ASUS/Documents/NetBeansProjects/2110010312/2110010312/src/CLASS/Produk.java</file>
            <file>file:/C:/Users/ASUS/Documents/NetBeansProjects/2110010312/2110010312/src/CLASS/Transaksi.java</file>
            <file>file:/C:/Users/ASUS/Documents/NetBeansProjects/2110010312/2110010312/src/CLASS/Barang.java</file>
            <file>file:/C:/Users/ASUS/Documents/NetBeansProjects/2110010312/2110010312/src/CLASS/Kategori.java</file>
            <file>file:/C:/Users/ASUS/Documents/NetBeansProjects/2110010312/2110010312/src/CLASS/Pengaturan.java</file>
        </group>
    </open-files>
</project-private>
